No. Tên, Niên hiệu, Subnames, Năm trị vì, Tiền nhiệm, Kế nhiệm, Sinh, Mất, Thời kỳ, An táng, Thân phụ, Thân mẫu
1, Kinh Dương Vương, N/A, Kinh Dương Vương & Lộc Tục & Khai sáng triều đại& con thứ Đế Minh& em Đế Nghi, 2879 TCN–2794 TCN, Đế Minh, Lạc Long Quân, 15 tháng 8 năm 2919 TCN, 18 tháng 1 năm 2792 TCN (127 tuổi), Xích Quỷ, thôn Á Lữ, xã Đại Đồng Thành, huyện Thuận Thành, Bắc Ninh., Đế Minh, Con gái của bà Vụ Tiên
2, Lạc Long Quân, N/A, Lạc Long Quân & Sùng Lãm & Con Kinh Dương Vương, 2525 TCN–2253 TCN, Kinh Dương Vương, Âu Cơ Hùng Lân Vương, 2825 TCN Xích Quỷ, 2524 TCN (300-301 tuổi) Không rõ, Hồng Bàng, Không có, Kinh Dương Vương, Long Mẫu Thần Long
3, Hùng Vương thứ nhất, N/A, Hùng Quốc Vương & Con trưởng Lạc Long Quân, ?, Lạc Long Quân, Hùng Vương thứ II, Không có, Không có, Hồng Bàng, Không có, Lạc Long Quân, Âu Cơ
4, Hùng Vương thứ hai, N/A, Hùng Hiền Vương , ?–?, Không có, Không có, Không có, Không có, Không có, Không có, , 
5, Hùng Vương thứ ba, N/A, Hùng Lân Vương , ?–?, Không có, Không có, Không có, Không có, Không có, Không có, , 
6, Hùng Vương thứ tư, N/A, Hùng Diệp Vương , ?–?, Không có, Không có, Không có, Không có, Không có, Không có, , 
7, Hùng Vương thứ năm, N/A, Hùng Hy Vương , ?–?, Không có, Không có, Không có, Không có, Không có, Không có, , 
8, Hùng Vương thứ sáu, N/A, Hùng Huy Vương , ?–?, Không có, Hùng Vương thứ VII, Không có, Không có, Hồng Bàng, Lăng Hùng Vương, Hùng Vương thứ V, 
9, Hùng Vương thứ bảy, N/A, Hùng Chiêu Vương & Lang Liêu , ?–?, Không có, Hùng Vương thứ VIII, Không có, Không có, Hồng Bàng, Không có, Hùng Vương thứ VI, 
10, Hùng Vương thứ tám, N/A, Hùng Vĩ Vương & Thừa Vân Lang , ?–?, Không có, Không có, Không có, Không có, Không có, Không có, , 
11, Hùng Vương thứ chín, N/A, Hùng Định Vương & Quân Lang , ?–?, Không có, Không có, Không có, Không có, Không có, Không có, , 
12, Hùng Vương thứ mười, N/A, Hùng Uy Vương & Hùng Hải Lang , ?–?, Không có, Không có, Không có, Không có, Không có, Không có, , 
13, Hùng Vương thứ 11, N/A, Hùng Trinh Vương & Hưng Đức Lang , ?–?, Không có, Không có, Không có, Không có, Không có, Không có, , 
14, Hùng Vương thứ 12, N/A, Hùng Vũ Vương , ?–?, Không có, Không có, Không có, Không có, Không có, Không có, , 
15, Hùng Vương thứ 13, N/A, Hùng Việt Vương & Tuấn Lang , ?–?, Không có, Không có, Không có, Không có, Không có, Không có, , 
16, Hùng Vương thứ 14, N/A, Hùng Anh Vương & Chân Nhân Lang , ?–?, Không có, Không có, Không có, Không có, Không có, Không có, , 
17, Hùng Vương thứ 15, N/A, Hùng Triêu Vương & Cảnh Chiêu Lang , ?–?, Không có, Không có, Không có, Không có, Không có, Không có, , 
18, Hùng Vương thứ 16, N/A, Hùng Tạo Vương & Đức Quân Lang , ?–?, Không có, Hùng Vương thứ XVII, Không có, Không có, Hồng Bàng, Không có, Hùng Vương thứ XV, 
19, Hùng Vương thứ 17, N/A, Hùng Nghị Vương , ?–?, Không có, Hùng Vương thứ XVIII, Không có, Không có, Hồng Bàng, Không có, Hùng Vương thứ XV, 
20, Hùng Vương thứ 18, N/A, Hùng Duệ Vương Hùng Tuyền Vương , ?–258 TCN, Không có, Mất nước, An Dương Vương lên ngôi, Không có, 257 TCN ,207 TCN hoặc 208 TCN Văn Lang, Hồng Bàng, Không có, Hùng Vương thứ XVII, 
21, Hùng Vương thứ 19, N/A, Hùng Kính Vương & Huệ Lang , ?–6 năm, Không có, Không có, Không có, Không có, Không có, Không có, , 
22, Triệu Vũ Vương, N/A, Vũ Vương Vũ Đế & Triệu Đà & Dòng dõi nước Triệu thời Chiến Quốc& khai sáng triều đại, 204—137TCN, Không có, Triệu Văn Đế, 257 TCN hoặc 235 TCN huyện Chân Định (), quận Hằng Sơn (), nay là tỉnh Hà Bắc, Trung Quốc, 137 TCN (99 hoặc 120 tuổi) Phiên Ngung (nay là thành phố Quảng Châu, tỉnh Quảng Đông, Trung Quốc), Nhà Triệu, Không có, Nhâm Ngao, 
23, Triệu Văn Vương, N/A, Văn Vương Văn Đế & Triệu Hồ Triệu Muội & Cháu nội Triệu Đà& con Triệu Trọng Thủy, 137—125TCN, Triệu Vũ Đế, Triệu Minh Đế, 175 TCN, 124 TCN Nam Việt, Nhà Triệu, Không có, Trọng Thủy, Mỵ Châu
24, Triệu Minh Vương, N/A, Minh Vương & Triệu Anh Tề & Con Triệu Hồ, 125—113TCN, Không có, Triệu Ai Vương, Không có, 113 TCN Nam Việt, Nhà Triệu, Không có, Triệu Văn Đế, 
25, Triệu Ai Vương, N/A, Ai Vương & Triệu Hưng & Con thứ Triệu Anh Tề, 113—112TCN, Triệu Minh Vương, Triệu Dương Vương, ?, 112 TCN Nam Việt, Nhà Triệu, Không có, Triệu Minh Vương, Cù hậu
26, Triệu Dương Vương, N/A, Dương Vương Thuật Dương Vương Vệ Dương vương Vệ Dương hầu & Triệu Kiến Đức & Con trưởng Triệu Anh Tề& anh Triệu Hưng, 112—111TCN, Triệu Ai Vương, Triều đại diệt vong, ?, 111 TCN Nam Việt, Nhà Triệu, Không có, Triệu Minh Vương, người Việt (không rõ tên)
27, Trưng Vương, N/A, Trinh Linh Chi Phu Nhân & Trưng Trắc () Lạc Trắc & Vợ Thi Sách& sáng lập triều đại, 40—43, Không có, Không có, 13 tháng 9 năm 14, 5 tháng 3 năm 43 (29 tuổi), Không có, Không có, Hùng Định (sau đổi thành Trưng Định), Man Thiện
28, Lý Nam Đế, Thiên Đức (544–548), Nam Đế& Nam Việt Đế & Lý Bí Lý Bôn () & Nổi dậy tự lập& khai sáng triều đại, 544—548, Không có, Triệu Việt Vương, (503-10-17)17 tháng 10, 503 Giao Châu, 13 tháng 4, 548(548-04-13) (44 tuổi) Vạn Xuân, Nhà Tiền Lý, Không có, Lý Cạnh hay Lý Toản, Lê Thị Oánh
29, Triệu Việt Vương, N/A, Nam Việt Quốc Vương& Dạ Trạch Vương Thần Vũ Hoàng Đế & Triệu Quang Phục () & Con Thái phó Triệu Túc& được Lý Nam Đế giao toàn bộ quyền hành, 548—571, Lý Nam Đế, Hậu Lý Nam Đế, 26 tháng 01 năm 524 Chu Diên, Giao Châu, 571 Vạn Xuân, Nhà Tiền Lý, Không có, Triệu Túc (), Nguyễn Thị Hựu ()
30, Đào Lang Vương, N/A, không có & Lý Thiên Bảo & Anh trai Lý Nam Đế, 549—555, Không có, Lý Phật Tử, 499?, 555 động Dã Năng, Nhà Tiền Lý, Không có, Lý Toản, 
31, Hậu Lý Nam Đế, N/A, Nam Đế Anh Liệt Nhân Hiếu Khâm Minh Thánh Vũ Hoàng Đế & Lý Phật Tử () & Người trong họ Lý Nam Đế, 555—602, Không có, Lý Sư Lợi, 518, 602 Tây An, Nhà Tiền Lý, Không có, , 
32, Lý Sư Lợi, N/A, không có & Lý Sư Lợi & con Hậu Lý Nam Đế, 602—603, Không có, Triều đại sụp đổ, Không có, 603 Trung Quốc, Không có, Không có, Lý Phật Tử (Hậu Lý Nam Đế), 
33, Mai Hắc Đế, N/A, Đại Đế& Hắc Đế & Mai Thúc Loan& () Mai Huyền Thành& Mai Lập Thành& Mai Thúc Yên& Mai Phượng. & Con Mai Hoàn& sáng lập triều đại, 713—722, Không có, Mai Thiếu Đế, 670 làng Ngọc Trừng, xã Đông Liệt, huyện Sa Nam, châu Hoan (nay là xã Nam Thái, huyện Nam Đàn, tỉnh Nghệ An), 19 tháng 10, 723 núi Đụn (xã Vân Diên, huyện Nam Đàn, tỉnh Nghệ An), Không có, Không có, Mai Hoàn, Mai An Hoà
34, Mai Thiếu Đế, N/A, không có & Mai Thúc Huy& Mai Bảo Sơn & Con út Mai Hắc Đế& em song sinh với Bạch Đầu Đế, 722—723, Không có, Bạch Đầu đế, Không có, 723, Không có, Không có, Mai Hắc Đế, 
35, Bạch Đầu Đế, N/A, không có & Mai Kỳ Sơn & Con thứ hai Mai Hắc Đế& anh song sinh với Mai Thiếu Đế, 723—723, Mai Thiếu Đế, Bố Cái Đại Vương, Không có, 7 tháng 12 năm 723, Không có, Không có, Mai Hắc Đế, Đinh Ngọc Tô
36, Phùng Hưng, N/A, Bố Cái Đại Vương & Phùng Hưng ()& Phùng Cự Lão & con Phùng Hạp Khanh& thế tập Biên Khố Di Tù Trưởng, 766—791, Không có (Bạch Đầu Đế họ Mai), Phùng An, 1 tháng 10, 746759, 31 tháng 12, 789  10 tháng 8, 791  12 tháng 11,802 (4130 hoặc 4331 hoặc 4443 hoặc 56 tuổi) Việt Nam, Không có, 30 tháng 3, 804 Giảng Võ, Ba Đình ngày nay, Phùng Hạp Khanh, Sử Thục Nương
37, Phùng An, N/A, không có & Phùng An & con Phùng Hưng, 791—791, Không có, Không có (đầu hàng nhà Đường), 771, 18 tháng 4,806 (34-35 tuổi), Không có, 22 tháng 4, 806, Phùng Hưng, 
38, Khúc Tiên Chủ, N/A, Tiên Chủ & Tiên Vương & Khúc Thừa Dụ () & Mở màn nền tự chủ, 905—907, Không có, Khúc Trung Chủ, 830 Hồng Châu, An Nam (nay là Hải Dương, Việt Nam), 23 tháng 7, 907(907-07-23) (76–77 tuổi) Đại La, Tĩnh Hải quân, Không có, Không có, , 
39, Khúc Trung Chủ, N/A, Trung Chủ & Trung Vương & Khúc Hạo& () Khúc Thừa Hạo & Con Khúc Thừa Dụ, 907—917, Không có, Khúc Hậu Chủ, 860 Hồng Châu, An Nam (nay là Hải Dương,Việt Nam), 917 (56–57 tuổi) Thành Đại La, Hà Nội, Không có, Không có, Khúc Tiên Chủ, 
40, Khúc Hậu Chủ, N/A, Hậu Chủ & Hậu Vương & Khúc Thừa Mỹ () Khúc Toàn Mỹ & Con Khúc Hạo, 917—923, Không có, Dương Đình Nghệ, Trước 900 Hải Dương, 931, Không có, Không có, Khúc Trung Chủ, 
41, Dương Chính Công, N/A, không có & Dương Đình Nghệ& () Dương Diên Nghệ () & Khôi phục nền tự chủ& nha tướng của Khúc Hạo, 931—937, Không có, Kiều Công Tiễn, 22 tháng 11 năm 874 Làng Giàng, Ái Châu, Tháng 3 năm 937 Đại La, Không có, Không có, , 
42, Kiều Công Tiễn, N/A, không có & Kiều Công Tiễn& () Kiểu Công Tiễn& Kiểu Công Hạo& & Con nuôi và nha tướng của Dương Đình Nghệ, 937—938, Không có, Ngô Quyền, 870 Phong Châu, Phú Thọ, 938 Đại La, Không có, Không có, , 
43, Tiền Ngô Vương, N/A, Tiên Chủ & không có & Ngô Quyền & Sáng lập triều đại& con rể Dương Đình Nghệ, 939—944, Sáng lập triều đại, Dương Bình Vương, 17 tháng 4 năm 898 Đường Lâm, Tĩnh Hải quân, 14 tháng 2 năm 944 (45 tuổi) Tĩnh Hải quân, Nhà Ngô, 18 tháng 2 năm 944 Lăng Ngô Quyền, Ngô Mân, Phùng Thị Tinh Phong
44, Dương Bình Vương, N/A, Trương Dương Công & Dương Tam Kha& Dương Chủ Tướng& Dương Thiệu Hồng & Con trai Dương Đình Nghệ, 944—950, Không có, Hậu Ngô Vương, Không có, 10 tháng 8 năm 980, Không có, Không có, Dương Đình Nghệ, 
45, Thiên Sách Vương, N/A, không có & Ngô Xương Ngập & Con trưởng Ngô Quyền, 951—954, Không có, Không có, Không có, 954, Nhà Ngô, Không có, Ngô Quyền, 
46, Nam Tấn Vương, N/A, không có & Ngô Xương Tấn& Ngô Xương Văn & Con thứ Ngô Quyền, 950—965, Dương Bình Vương, Ngô Xương Xí (sứ quân), 12 tháng 9, 934, 965 (30-31 tuổi), Nhà Ngô, Không có, Ngô Quyền, Dương hậu
47, Ngô Sứ Quân, N/A, không có & Ngô Xương Xí & Con Ngô Xương Ngập, 965—966, Nam Tấn Vương, Không có, Không có, Không có, Nhà Ngô, Không có, Thiên Sách Vương, Phạm Thị Uy Duyên
48, Đinh Tiên Hoàng, Thái Bình (970-979), Tiên Hoàng Đế Đại Thắng Minh Hoàng Đế & Đinh Bộ Lĩnh& Đinh Hoàn & Sáng lập triều đại& con nuôi Sứ quân Trần Minh Công, 968—979, Sáng lập triều đại, Đinh Phế Đế, 22 tháng 3 năm 924 Gia Viễn, Ninh Bình, Tĩnh Hải quân, Tháng 10 năm 979 (55 tuổi) Hoa Lư, Ninh Bình, Đại Cồ Việt, Nhà Đinh, Không có, Đinh Công Trứ, Đàm Thiềm Nương
49, Đinh Phế Đế, Thái Bình (979-980), Phế Đế Thiếu Đế & Đinh Toàn& Đinh Tuệ & Con trai thứ 2 Đinh Tiên Hoàng, 979—980, Đinh Tiên Hoàng, Triều đại sụp đổ Lê Đại Hành (Nhà Tiền Lê), 974, 1001 (27 tuổi), Nhà Đinh, Không có, Đinh Tiên Hoàng, Dương Vân Nga
50, Lê Đại Hành, Thiên Phúc (980–988) Hưng Thống (989–993) Ứng Thiên (994–1005), Đại Hành Hoàng Đế Minh Càn Ứng Vận Thần Vũ Thăng Bình Chí Nhân Quảng Hiếu Hoàng đế & Lê Hoàn & Sáng lập triều đại& Phó vương nhiếp chính thời Đinh Phế Đế, 980—1005, Sáng lập triều đại Đinh Toàn (nhà Đinh), Lê Trung Tông, 10 tháng 8, 941 Tĩnh Hải quân, 18 tháng 4, 1005(1005-04-18) (63 tuổi) Hoa Lư, Đại Cồ Việt, Nhà Tiền Lê, Trường Yên (Hoa Lư), Lê Mịch, Đặng Thị Sen
51, Lê Trung Tông, Ứng Thiên (1005–1005), Trung Tông & không có & Lê Long Việt & Con thứ Lê Đại Hành, 1005—1005, Lê Đại Hành, Lê Long Đĩnh, 983 Hoa Lư, 1005 (21–22 tuổi) Đại Cồ Việt, Nhà Tiền Lê, Không có, Lê Đại Hành, Chi hậu Diệu nữ
52, Lê Ngọa Triều, Ứng Thiên (1005–1007) Cảnh Thụy (1008–1009), Khai Thiên Ứng Vận Thánh Văn Thần Vũ Tắc Thiên Sùng Đạo Đại Thắng Minh Quang Hiếu Hoàng Đế Ngọa Triều Hoàng Đế & Lê Long Đĩnh& & Con thứ năm Lê Đại Hành, 1005—1009, Lê Trung Tông, Triều đại sụp đổ Lý Thái Tổ (Nhà Lý), 15 tháng 11, 986 Kinh đô Hoa Lư, 19 tháng 11, 1009(1009-11-19) (23 tuổi) Đại Cồ Việt, Nhà Tiền Lê, Không có, Lê Đại Hành, Quảng Thánh Hoàng thái hậu
53, Lý Thái Tổ, Thuận Thiên (1010–1028), Thái Tổ & Thần Vũ Hoàng Đế & Lý Công Uẩn & Sáng lập triều đại. Nguyên là Điện tiền Chỉ huy sứ và là Phò mã trưởng Lê Đại Hành, 1009—1028, Sáng lập triều đại Lê Long Đĩnh (Nhà Tiền Lê), Lý Thái Tông, (974-03-08)8 tháng 3, 974 Từ Sơn, Bắc Ninh, 31 tháng 3, 1028(1028-03-31) (54 tuổi) Điện Long An, Thăng Long, Nhà Lý, Thọ Lăng, Hiển Khánh vương, Phạm Thị Ngà
54, Lý Thái Tông, Thiên Thành (1028–1033), Thông Thụy (1034–1038), Càn Phù Hữu Đạo (1039–1041), Minh Đạo (1042–1043), Thiên Cảm Thánh Vũ (1044–1048), Sùng Hưng Đại Bảo (1049–1054)., Thái Tông & Từ Hiếu Hoàng đế & Lý Phật Mã& Lý Đức Chính & Con trưởng Lý Thái Tổ, 1028—1054, Lý Thái Tổ, Lý Thánh Tông, 29 tháng 7, 1000 Hoa Lư, Đại Cồ Việt, 3 tháng 11, 1054(1054-11-03) (54 tuổi) Điện Trường Xuân, Thăng Long, Đại Cồ Việt, Nhà Lý, Thọ Lăng, Lý Thái Tổ, Linh Hiển Hoàng thái hậu
55, Lý Thánh Tông, Long Thụy Thái Bình (1054–1058), Chương Thánh Gia Khánh (1059–1065), Long Chương Thiên Tự (1066–1068), Thiên Huống Bảo Tượng (1068–1069), Thần Vũ (1069–1072)., Thánh Tông & Thánh Thần Hoàng đế & Lý Nhật Tôn & Con trưởng Lý Thái Tông, 1054—1072, Lý Thái Tông, Lý Nhân Tông, 30 tháng 3 năm 1023, 1 tháng 2, 1072(1072-02-01) (48 tuổi), Nhà Lý, Thọ Lăng, Lý Thái Tông, Kim Thiên hoàng hậu
56, Lý Nhân Tông, Thái Ninh (1072–1076), Anh Vũ Chiêu Thắng (1076–1084), Quảng Hựu (1085–1092), Hội Phong (1092–1100), Long Phù (1101–1109), Hội Tường Đại Khánh (1110–1119), Thiên Phù Duệ Vũ (1120–1126), Thiên Phù Khánh Thọ (1127)., Nhân Tông & Hiếu Từ Thánh Thần Văn Vũ Hoàng Đế & Lý Càn Đức & Con trưởng Lý Thánh Tông, 1072—1127, Lý Thánh Tông, Lý Thần Tông, 22 tháng 2, 1066 Cung Động Tiên, Thăng Long, 15 tháng 1, 1128(1128-01-15) (61 tuổi) Điện Vĩnh Quang, Thăng Long, Nhà Lý, Lăng Thiên Đức, Lý Thánh Tông, Linh Nhân Hoàng thái hậu
57, Lý Thần Tông, Thiên Thuận (1128–1132), Thiên Chương Bảo Tự (1133–1138), Thần Tông & Quảng Văn Sùng Hiếu Khâm Minh Văn Vũ Hoàng Đế & Lý Dương Hoán & con Sùng Hiền Hầu& cháu nội Lý Thánh Tông, 1127—1138, Lý Nhân Tông, Lý Anh Tông, 1116 Thăng Long, 31 tháng 10 năm 1138 Điện Vĩnh Quang, Thăng Long, Nhà Lý, Thọ Lăng (), Sùng Hiền hầu, Đỗ Phu nhân
58, Lý Anh Tông, Thiệu Minh (1138–1139), Đại Định (1140–1162), Chính Long Bảo Ứng (1163–1173), Thiên Cảm Chí Bảo (1174–1175), Anh Tông & Chí Hiếu Hoàng Đế & Lý Thiên Tộ & Con thứ Lý Thần Tông, 1138—1175, Lý Thần Tông, Lý Cao Tông, tháng 4 năm 1136 Thăng Long, 14 tháng 8 năm 1175 Thăng Long, Đại Việt, Nhà Lý, Thọ Lăng (), Lý Thần Tông, Linh Chiếu Thái hậu
59, Lý Cao Tông, Trinh Phù (1176–1185), Thiên Tư Gia Thụy (1186–1201), Thiên Gia Bảo Hựu (1202–1204), Trị Bình Long Ứng (1205–1210), Cao Tông & Quang Hiếu Hoàng Đế & Lý Long Cán Lý Long Trát & Con thứ 6 Lý Anh Tông, 1176—1204, Lý Anh Tông, Lý Huệ Tông, (1173-07-06)6 tháng 7, 1173, 15 tháng 11, 1210(1210-11-15) (37 tuổi), Nhà Lý, Thọ Lăng, Lý Anh Tông, Linh Đạo hoàng hậu
60, Lý Thẩm, N/A, không có & Lý Thẩm & Con thứ Lý Cao Tông, 1209—1209, Không có, Lý Cao Tông, Không có, Việt Nam, Nhà Lý, Không có, Lý Cao Tông, 
61, Lý Huệ Tông, Kiến Gia (1211–1224), Huệ Tông & Hoành Hiếu Hoàng đế & Lý Sảm& Lý Hạo Sảm & Con trưởng Lý Cao Tông, 1211—1224, Lý Cao Tông, Lý Chiêu Hoàng, tháng 7 năm 1194 Thăng Long, 3 tháng 9, 1226(1226-09-03) (31–32 tuổi) Chùa Chân Giáo, Thăng Long, Đại Việt, Nhà Lý, Thọ Lăng Thiên Đức, Đại Việt, Lý Cao Tông, An Toàn hoàng hậu (họ Đàm)
62, Lý Nguyên Vương, Càn Ninh (1214–1216), Nguyên Vương Văn Vương & Con thứ Lý Anh Tông, 1214—1216, Lý Huệ Tông, Lý Huệ Tông, Không biết Việt Nam, 1221 Việt Nam, Nhà Lý, Không rõ, Lý Anh Tông, Không rõ
63, Lý Chiêu Hoàng, Thiên Chương Hữu Đạo (1224–1225), Chiêu Hoàng & Lý Phật Kim& Lý Thiên Hinh & Con gái Lý Huệ Tông& vợ Trần Thái Tông, 1224—1225, Hoàng hậu đầu tiên của nhà Trần Nhà Lý: Thuận Trinh Hoàng hậu, Hiển Từ Thuận Thiên Hoàng hậu, Tháng 9 năm Mậu Dần (1218) Thăng Long (?), Tháng 3 năm Mậu Dần (1278) (61 tuổi) Cổ Pháp (?), Nhà Lý (khi sinh) Nhà Trần (hôn nhân), rừng Báng, Lý Huệ Tông, Linh Từ Quốc mẫu
64, Trần Thái Tông, Kiến Trung (1225–1232) Thiên Ứng Chính Bình (1232–1351) Nguyên Phong (1251–1258), Thái Tông Thiện Hoàng Văn Hoàng & Thống Thiên Ngự Cực Long Công Hậu Đức Hiền Công Hựu Thuận Thánh Văn Thần Vũ Hiếu Nguyên Hoàng Đế & Trần Cảnh Trần Bồ Trần Quang Bỉnh Trần Nhật Cảnh & Sáng lập triều đại& chồng và anh họ Lý Chiêu Hoàng, 1225—1258, Trần Thái Tổ, Trần Thánh Tông, (1218-07-09)9 tháng 7, 1218 Hương Tức Mặc, Đại Việt, 5 tháng 5, 1277(1277-05-05) (58 tuổi) Điện Vạn Thọ, Thăng Long, Đại Việt, Không có, Chiêu Lăng (), phủ Long Hưng, Đại Việt, Trần Thừa, Lê Thị Thái
65, Trần Thánh Tông, Thiệu Long (1258–1272) Bảo Phù (1273–1278), Thánh Tông Nhân Hoàng & Huyền Công Thịnh Đức Nhân Minh Văn Vũ Tuyên Hiếu Hoàng Đế & Trần Hoảng Trần Uy Hoảng Trần Quang Bính Trần Nhật Huyên & Con thứ hai Trần Thái Tông, 1258—1279, Trần Thái Tông, Trần Nhân Tông, (1240-10-12)12 tháng 10 năm 1240 Thăng Long, Đại Việt, 3 tháng 7 năm 1290(1290-07-03) (49 tuổi) Cung Nhân Thọ, Thăng Long, Đại Việt, Không có, Dụ Lăng, phủ Long Hưng, Đại Việt, Trần Thái Tông, Hiển Từ Thuận Thiên Hoàng hậu
66, Trần Nhân Tông, Thiệu Bảo (1278–1285) Trùng Hưng (1285–1293), Nhân Tông Hiếu Hoàng & Pháp Thiên Sùng Đạo Ứng Thế Hóa Dân Long Từ Hiển Hiệu Thánh Văn Thần Vũ Nguyên Minh Duệ Hiếu Hoàng Đế & Trần Khâm Trần Nhật Tuấn & Con trưởng Trần Thánh Tông, 1278—1293, Trần Thánh Tông, Trần Anh Tông, Trần Khâm () 1258, 1308, Không có, Lăng Quy Đức, phủ Long Hưng, Đại Việt, Trần Thánh Tông, Nguyên Thánh Hoàng hậu
67, Trần Anh Tông, Hưng Long (1293–1314), Anh Tông Anh Hoàng & Hiển Văn Duệ Vũ Khâm Minh Nhân Hiếu Hoàng Đế & Trần Thuyên Trần Nhật 㷃 Trần Nhật 𤊞 & Con trưởng Trần Nhân Tông, 1293—1314, Trần Nhân Tông, Trần Minh Tông, 25 tháng 10 năm 1276, 21 tháng 4 năm 1320 (43 tuổi) Cung Trùng Quang, Thiên Trường, Đại Việt, Không có, 10 tháng 1 năm 1321 Thái lăng, Yên Sinh, Đại Việt, Trần Nhân Tông, Bảo Thánh Hoàng hậu
68, Trần Minh Tông, Đại Khánh (1314–1323) Khai Thái (1324–1329), Minh Tông Ninh Hoàng & Chương Nghiêu Văn Triết Hoàng Đế & Trần Mạnh Trần Thánh Sinh Trần Nhật Khoáng & Con thứ tư Trần Anh Tông, 1314—1329, Trần Anh Tông, Trần Nghệ Tông, (1300-10-04)4 tháng 10, 1300 Thăng Long, Đại Việt, 10 tháng 3, 1357(1357-03-10) (56 tuổi) Cung Bảo Nguyên, Thăng Long, Đại Việt, Không có, 22 tháng 12 năm 1357 Mục Lăng, Đại Việt, Trần Anh Tông, Chiêu Từ Hoàng hậu
69, Trần Hiến Tông, Khai Hựu (1329–1341), Hiến Tông Triết Hoàng & Thể Nguyên Ngự Cực Duệ Thánh Chí Hiếu Hoàng Đế & Trần Vượng Trần Thiên Kiến  Trần Nhật 㷆 & Con trưởng Trần Minh Tông, 1329—1341, Trần Minh Tông, Trần Dụ Tông, 17 tháng 5, 1319, 11 tháng 6, 1341(1341-06-11) (22 tuổi) Quang Triều cung, Thăng Long, Nhà Trần, An Lăng (), Trần Minh Tông, Minh Từ Hoàng thái phi
70, Trần Dụ Tông, Thiệu Phong (1341–1357) Đại Trị (1358–1369), Dụ Tông Dụ Hoàng & Thống Thiên Thể Đạo Nhân Minh Quang Hiếu Hoàng đế & Trần Hạo Trần Nhật Khuê & Con thứ mười Trần Minh Tông& dòng hoàng đích tử, 1341—1369, Trần Hiến Tông, Dương Nhật Lễ, 22 tháng 11 năm 1336, 25 tháng 5, 1369(1369-05-25) (32 tuổi) Quang Triều cung, Thăng Long, Nhà Trần, Tháng 11 năm 1369 Phụ Lăng (), Trần Minh Tông, Hiến Từ Hoàng hậu
71, Đại Định Đế, Đại Định (1369–1370), Hôn Đức Công & Trần Nhật Lễ Dương Nhật Lễ Trần Nhật Kiên & Con riêng của chị dâu Trần Dụ Tông, 1369—1370, Trần Dụ Tông, Trần Nghệ Tông, 1349, 7 tháng 12, năm 1370 Phường Giang Khẩu, Thăng Long, Nhà Trần, núi Đại Mông, Trần Nguyên Dục, Vương mẫu
72, Trần Nghệ Tông, Thiệu Khánh (1370–1372), Nghệ Tông Nghệ Hoàng Nghĩa Hoàng & Quang Nhiên Anh Triết Hoàng Đế Thể Thiên Kiến Cực Thuần Hiếu Hoàng Đế & Trần Phủ Trần Thúc Minh & Con thứ ba Trần Minh Tông, 1370—1372, Trần Minh Tông, Trần Thuận Tông, 20 tháng 12 năm 1321, 6 tháng 1, 1395(1395-01-06) (73 tuổi) Thăng Long, Nhà Trần, 9 tháng 1, 1395 Nguyên Lăng (), Trần Minh Tông, Minh Từ Quý phi
73, Trần Duệ Tông, Long Khánh (1373–1377), Duệ Tông Khâm Hoàng & Kế Thiên Ứng Vận Nhân Minh Khâm Hiếu Hoàng Đế & Trần Kính Trần Nhật Đoan & Con thứ 11 Trần Minh Tông, 1372—1377, Trần Nghệ Tông, Trần Phế Đế, 30 tháng 6, 1337, 4 tháng 3, 1377(1377-03-04) (39 tuổi) Chiêm Thành, Nhà Trần, Huy lăng (), Trần Minh Tông, Đôn Từ Hoàng thái phi
74, Trần Phế Đế, Xương Phù (1377–1388), Giản Hoàng & Phế Đế & Trần Hiện Trần Nhật Vĩ & Con thứ Trần Duệ Tông, 1377—1388, Trần Duệ Tông, Trần Thuận Tông, 6 tháng 3, 1361 Thăng Long, 6 tháng 12, 1388(1388-12-06) (28 tuổi) Thăng Long, Nhà Trần, Không có, Trần Duệ Tông, Gia Từ Hoàng hậu
75, Trần Thuận Tông, Quang Thái (1388–1398), Thuận Tông Nguyên Hoàng & không có & Trần Ngung Trần Nhật Hỗn & Con thứ của Trần Nghệ Tông, 1388—1398, Không có, Thái thượng hoàng cuối cùng nhà Trần Giản Định Đế (nhà Hậu Trần), 1377, 30 tháng 4, 1400(1400-04-30) (22–23 tuổi), Nhà Trần, Không có, Trần Nghệ Tông, 
76, Trần Thiếu Đế, Kiến Tân (1398–1400), Thiếu Đế & Trần An & Con trưởng Trần Thuận Tông& cháu ngoại Hồ Quý Ly, 1398—1400, Trần Thuận Tông, Triều đại nhà Trần sụp đổ Hồ Quý Ly (Nhà Hồ), 1396, ?, Nhà Trần, Không có, Trần Thuận Tông, Khâm Thánh Hoàng hậu
77, Hồ Quý Ly, Thánh Nguyên (1400), Quốc Tổ & Chương Hoàng & Hồ Quý Ly Hồ Nhất Nguyên Lê Quý Ly Lê Nhất Nguyên & Sáng lập triều đại& phò mã Trần Minh Tông& ông ngoại Trần Thiếu Đế, 1400—1400, Sáng lập triều đại, Hồ Hán Thương, 1336 Thanh Hóa, Đại Việt thời Nhà Trần, 18 tháng 12, 1407(1407-12-18) (70–71 tuổi) Quảng Tây, Đại Minh, Nhà Hồ, Trung Quốc, Lê Quốc Mạo, Phạm Phu nhân
78, Hồ Hán Thương, Thiệu Thành (1401–1402) Khai Đại (1403–1407), không có & Hồ Hán Thương Lê Hán Thương Hồ Hỏa & Con thứ Hồ Quý Ly, 1400—1407, Hồ Quý Ly, Triều đại sụp đổ Giản Định Đế (Nhà Hậu Trần), 1383 Thanh Hóa ?, Việt Nam, 1407 Quảng Tây, Trung Quốc, Nhà Hồ, Không có, Hồ Quý Ly, Thái Từ hoàng hậu
79, Trần Nguyệt Hồ, N/A, không có & Trần Nguyệt Hồ , 1407—1407, Không có, Không có, Không có, Không có, Không có, Không có, , 
80, Giản Định Đế, Hưng Khánh (1407–1409), không có & Trần Ngỗi& Trần Quỹ & Con trai thứ Trần Nghệ Tông, 1407—1409, Không có, Thái thượng hoàng Hậu Trần cuối cùng, 1375, 1410, Nhà Hậu Trần, Không có, Trần Nghệ Tông, 
81, Trùng Quang Đế, Trùng Quang (1409–1414), không có & Trần Quý Khoáng& Trần Quý Khoách & Cháu nội Trần Nghệ Tông, 1409—1414, Không có, Nhà Hậu Trần sụp đổ Lê Thái Tổ (Hậu Lê), Không có, 3 tháng 5 năm 1414, Không có, làng Biện Thịnh, xã Ngô Xá, huyện Chân Phúc, Trang Định vương Trần Ngạc, 
82, Lê Thái Tổ, Thuận Thiên (1428–1433), Thái Tổ Lam Sơn động chủ & Thống Thiên Khải Vận Thánh Đức Thần Công Duệ Văn Anh Vũ Khoan Minh Dũng Trí Hoàng Nghĩa Chí Minh Đại Hiếu Cao Hoàng Đế & Lê Lợi & Sáng lập triểu đại, 1428–1433, Sáng lập triều đại, Lê Thái Tông, 10 tháng 9, 1385 Lam Sơn, Thanh Hóa, 5 tháng 10, 1433(1433-10-05) (48 tuổi) Đông Kinh, Đại Việt, Nhà Lê sơ, Vĩnh lăng (), Thanh Hóa, Lê Khoáng, Trịnh Ngọc Thương
83, Lê Thái Tông, Thiệu Bình (1434–1439) Đại Bảo (1440-1442), Thái Tông Quế Lâm động chủ & Kế Thiên Thể Đạo Hiển Đức Thánh Công Khâm Minh Văn Tư Anh Duệ Triết Chiêu Hiến Kiến Trung Văn Hoàng Đế & Lê Nguyên Long Lê Lân & Con thứ hai Lê Thái Tổ, 1433–1442, Lê Thái Tổ, Lê Nhân Tông, (1423-12-22)22 tháng 12, 1423 Lam Sơn, huyện Thọ Xuân, Thanh Hóa, 7 tháng 9, 1442(1442-09-07) (18 tuổi) Lệ Chi viên, huyện Gia Định, Không có, Hựu Lăng (), Lam Kinh, Đại Việt, Lê Thái Tổ, Phạm Thị Ngọc Trần
84, Lê Nhân Tông, Thái Hòa (1443–1453) Diên Ninh (1454–1459), Nhân Tông & Khâm Văn Nhân Hiếu Tuyên Minh Thông Duệ Tuyên Hoàng Đế & Lê Bang Cơ Lê Cơ Long Lê Tuấn & Con thứ ba Lê Thái Tông, 1442–1459, Lê Thái Tông, Lê Nghi Dân, (1441-05-28)28 tháng 5, 1441 Đông Kinh, Đại Việt, 25 tháng 10, 1459(1459-10-25) (18 tuổi) Đông Kinh, Đại Việt, Hoàng triều Lê, Mục Lăng (), Lê Thái Tông, Tuyên Từ Hoàng thái hậu
85, Lạng Sơn Vương, Thiên Hưng (1459–1460), Lệ Đức Hầu & Lê Nghi Dân Lê Tông & Con trưởng Lê Thái Tông, 1459–1460, Lê Nhân Tông, Lê Thánh Tông, tháng 6, 1439, 6 tháng 6, 1460(1460-06-06) (20–21 tuổi) Đông Kinh, Đại Việt, Hoàng triều Lê, Không có, Lê Thái Tông, Dương phi
86, Lê Thánh Tông, Quang Thuận (1460–1469) Hồng Đức (1470–1497), Thánh Tông Thiên Nam động chủ & Sùng Thiên Quảng Vận Cao Minh Quang Chính Chí Đức Đại Công Thánh Văn Thần Vũ Đạt Hiếu Thuần Hoàng Đế & Lê Tư Thành Lê Hạo & Con thứ tư Lê Thái Tông, 1460–1497, Lê Nghi Dân, Lê Hiến Tông, 25 tháng 8 năm 1442 Chùa Huy Văn, 3 tháng 3 năm 1497 (54 tuổi) Điện Bảo Quang, Đông Kinh, Không có, Chiêu lăng (), Lam Kinh, Lê Thái Tông, Ngô Thị Ngọc Dao
87, Lê Hiến Tông, Cảnh Thống (1497–1504), Hiến Tông Thượng Dương động chủ & Thể Thiên Ngưng Đạo Mậu Đức Chí Chiêu Văn Thiệu Vũ Tuyên Triết Khâm Thành Chương Hiếu Duệ Hoàng Đế & Lê Tranh Lê Sanh Lê Huy Lê Tăng & Con trưởng Lê Thánh Tông, 1497–1504, Lê Thánh Tông, Lê Túc Tông, (1461-09-06)6 tháng 9, 1461 Đông Kinh, Đại Việt, 24 tháng 6, 1504(1504-06-24) (42 tuổi) Điện Đồ Trị, Đông Kinh, Đại Việt, Không có, Dụ Lăng (), Lam Kinh, Đại Việt, Lê Thánh Tông, Huy Gia Thuần Hoàng hậu
88, Lê Túc Tông, Thái Trinh (1504), Túc Tông Tự Hoàng & Chiêu Nghĩa Hiển Nhân Ôn Cung Uyên Mặc Hiếu Doãn Cung Khâm Hoàng Đế & Lê Thuần & Con thứ ba Lê Hiến Tông, 1504–1504, Lê Hiến Tông, Lê Uy Mục, (1488-09-06)6 tháng 9, 1488 Đông Kinh, Đại Việt, 12 tháng 1, 1505(1505-01-12) (16 tuổi) Điện Hoàng Cực, Đông Kinh, Đại Việt, Không có, Kính lăng (), Lam Kinh, Đại Việt, Lê Hiến Tông, Trang Thuận Duệ Hoàng hậu
89, Lê Uy Mục, Đoan Khánh (1505–1509), Quỳnh Đô động chủ & Uy Mục Đế & Lê Tuấn Lê Huyên & Con thứ hai Lê Hiến Tông, 1504–1509, Lê Túc Tông, Lê Tương Dực, 5 tháng 5, 1488 Đông Kinh, 20 tháng 1, 1510(1510-01-20) (21 tuổi) Cửa Lệ Cảnh, Đông Kinh, Nhà Lê sơ, An Lăng (), Lê Hiến Tông, Chiêu Nhân Duệ Hoàng hậu
90, Lê Tương Dực, Hồng Thuận (1510–1516), Nhân Hải động chủ & Tương Dực Đế & Lê Oánh Lê Oanh Lê Dinh Lê Trừu & Con Lê Đức Tông& cháu nội Lê Thánh Tông, 1509–1516, Lê Uy Mục, Lê Quang Trị Lê Chiêu Tông, 16 tháng 7, 1495, 8 tháng 5, 1516(1516-05-08) (20 tuổi) hồ Chu Tước, phường Bích Câu, Đông Kinh, Không có, Nguyên Lăng (), Lê Tân, Trịnh Thị Tuyên
91, Lê Quang Trị, N/A, không có & Lê Quang Trị & Con Lê Doanh& cháu nội Lê Đức Tông& cháu gọi Lê Tương Dực bằng bác, 1516–1516, Không có, Lê Chiêu Tông, 1509, 1516 (6–7 tuổi) Tây Đô, Thanh Hóa, Nhà Lê sơ, Không có, Mục Ý vương Lê Doanh, 
92, Lê Chiêu Tông, Quang Thiệu (1516-1525), Chiêu Tông & Thần Hoàng Đế & Lê Y Lê Huệ & Anh họ Lê Quang Trị& chắt Lê Thánh Tông, 1516–1525, Lê Tương Dực Lê Quang Trị, Lê Cung Hoàng, (1506-11-18)18 tháng 11, 1506 Đông Kinh, 19 tháng 1, 1527(1527-01-19) (20 tuổi) phường Đông Hà (Hàng Chiếu), Đông Kinh, Đại Việt, Không có, Vĩnh Hưng lăng (), Lê Minh Tông Lê Sùng, Trịnh Thị Loan
93, Lê Bảng, Đại Đức (1518–1519), không có & Lê Bảng & Con Lê Lộc& Lộc là cháu nội Lê Khắc Xương& Khắc Xương là anh của Lê Thánh Tông, 1518–1519, Không có, Không có, Không có, Không có, Nhà Hậu Lê, Không có, Tĩnh Tu công Lê Lộc, 
94, Lê Do, Thiên Hiến (1519), không có & Lê Do Lê Dữu & Em cùng mẹ với Lê Bảng, 1519–1519, Không có, Không có, Không có, 1519, Nhà Hậu Lê, Không có, Tĩnh Tu công Lê Lộc?, 
95, Lê Cung Hoàng, Thống Nguyên (1522–1527), Cung Hoàng Đế & Lê Xuân Lê Lự Lê Khánh & Em Lê Chiêu Tông, 1522–1527, Lê Chiêu Tông, Mạc Đăng Dung cướp ngôi (Nhà Mạc) Lê Trang Tông (Nhà Lê Trung hưng), (1507-07-26)26 tháng 7, 1507 Đông Kinh, 15 tháng 6, 1527(1527-06-15) (19 tuổi) Tây cung, Đông Kinh, Đại Việt, Nhà Lê sơ, Hoa Dương lăng (), Lê Minh Tông, Trịnh Thị Loan
96, Mạc Thái Tổ, Minh Đức (1527–1530), Thái Tổ & Nhân Minh Cao Hoàng Đế & Mạc Đăng Dung & Cháu 7 đời Mạc Đĩnh Chi& sáng lập triều đại, 1527–1530, Sáng lập triều đại, Mạc Kính Điển, (1483-12-22)22 tháng 12, 1483 (niên hiệu Hồng Đức thời Lê sơ) làng Cổ Trai, huyện Nghi Dương, phủ Kinh Môn, trấn Hải Dương (nay thuộc thôn Cổ Trai, xã Ngũ Đoan, huyện Kiến Thụy, Hải Phòng), 11 tháng 9, 1541(1541-09-11) (57 tuổi) (niên hiệu Quảng Hòa thời Mạc) Dương Kinh, Đại Việt (nay thuộc xã Ngũ Đoan, huyện Kiến Thụy, Hải Phòng), Nhà Mạc, An Lăng, Dương Kinh, Đại Việt, Mạc Hịch, Đặng Thị Hiếu
97, Mạc Thái Tông, Đại Chính (1530–1540), Thái Tông & Khâm Triết Văn Hoàng Đế & Mạc Đăng Doanh Mạc Phương Doanh & Con trưởng Mạc Thái Tổ, 1530–1540, Mạc Thái Tổ, Mạc Hiến Tông, 1500, Đại Việt, 25 tháng 1, 1540 3 tháng 3, 1540 (40 tuổi) Nhà Mạc, Đại Việt, Nhà Mạc, Không có, Mạc Thái Tổ, Nguyễn Thị Ngọc Tuyền
98, Mạc Hiến Tông, Quảng Hòa (1540–1546), Hiến Tông & Hiển Hoàng Đế & Mạc Phúc Hải Mạc Đức Nguyên & Con trưởng Mạc Thái Tông, 1540–1546, Mạc Thái Tông, Mạc Tuyên Tông, 1517, 1546 Thăng Long, Đại Việt, Nhà Mạc, Không có, Mạc Thái Tông, Phạm Thị
99, Mạc Chính Trung, N/A, không có & Mạc Chính Trung & Em Mạc Thái Tông, 1546–1547, Không có, Mạc Tuyên Tông, Việt Nam, Nhà Minh, Nhà Mạc, Không có, Mạc Thái Tổ, 
100, Mạc Tuyên Tông, Vĩnh Định (1547) Cảnh Lịch (1548–1553) Quang Bảo (1554–1561), Tuyên Tông & Anh Nghị Hoàng Đế Duệ Hoàng Đế & Mạc Phúc Nguyên & Con Mạc Hiến Tông, 1546–1561, Mạc Hiến Tông, Mạc Mậu Hợp, 1540 Hoàng thành Thăng Long, Đại Việt, (1561-02-18)18 tháng 2, 1561 Thăng Long, Đại Việt, Nhà Mạc, Không có, Mạc Hiến Tông, Vũ Thị
101, Mạc Mục Tông Mạc Anh Tổ, Thuần Phúc (1562–1565) Sùng Khang (1566–1577) Diên Thành (1578–1585) Đoan Thái (1586–1587) Hưng Trị (1588–1590) Hồng Ninh (1591–1592), Mục Tông Anh Tổ & An Thiên Huy Địa Trang Văn Cẩn Vũ Bình Định Huệ Cương Hiếu Tĩnh Hoàng Đế & Mạc Mậu Hợp & Con trai Mạc Tuyên Tông, 1561–1592, Mạc Tuyên Tông, Mạc Cảnh Tông, 1560, Tháng 1, 1593 (33 tuổi) Đại Việt, Nhà Mạc, Không có, Mạc Tuyên Tông, Bùi Thị
102, Mạc Cảnh Tông, Vũ An (1592–1592), Cảnh Tông & Khai Thiên Xung Địa An Văn Đoạt Vũ Thành Hoàng Đế & Mạc Toàn & Con thứ Mạc Mậu Hợp, 1592–1592, Không có, Mạc Mẫn Tông, 1580 Hoàng thành Thăng Long, 1593 Bến Thảo Tân, Thăng Long, Nhà Mạc, Không có, Mạc Mậu Hợp, 
103, Mạc Mẫn Tông, Bảo Định (1592–1593) Khang Hựu (1593–1593), Mẫn Tông & Hoài Nghị Minh Huấn Trinh Hoàng Đế & Mạc Kính Chỉ Mạc Kính Bang & Con trưởng Mạc Kính Điển& cháu nội Mạc Thái Tông, 1592–1593, Không có, Mạc Kính Cung, Không có, 1593, Nhà Mạc, Không có, Mạc Kính Điển, 
104, Mạc Đại Tông, Càn Thống (1593–1625), Đại Tông & Khởi Thiên Đĩnh Địa Khắc Văn Định Vũ Linh Hoàng Đế & Mạc Kính Cung & Con thứ 7 Mạc Kính Điển, 1592–1625, Không có, Mạc Kính Khoan, Không có, 1625 Thăng Long, Đại Việt, Nhà Mạc, Không có, Mạc Kính Điển, 
105, Mạc Quang Tổ, Long Thái (1623–1638), Quang Tổ & Hoà Thiên Phù Địa Độ Văn Khánh Vũ Huệ Nguyên Hoàng Đế & Mạc Kính Khoan & Cháu nội Mạc Kính Điển, 1623–1638, Không có, Mạc Kính Vũ, ?, 1638 Cao Bình, Đại Việt, Nhà Mạc, Không có, Mạc Kính Phu, 
106, Mạc Minh Tông, Thuận Đức (1638–1677), Minh Tông & Trang Thiên Huệ Địa Cảnh Văn Di Vũ Khai Hoàng Đế & Mạc Kính Vũ Mạc Kính Hoàn Mạc Kính Diệu & Con Mạc Kính Khoan, 1638–1677, Không có, Mạc Kính Hẻ, Không có, Không có, Nhà Mạc, Không có, Mạc Kính Khoan, 
107, Mạc Quý Tông, Vĩnh Xương (1677–1681), Quý Tông & Hoàn Thiên Thanh Địa Đoạt Văn Dương Vũ Huệ Đại Vương & Mạc Kính Hẻ Mạc Kính Thụy Mạc Nguyên Thanh & Con Mạc Kính Vũ, 1677–1681, Mạc Kính Vũ, Mạc Kính Quang, Không có, Không có, Nhà Mạc, Không có, Mạc Kính Vũ, không rõ
108, Mạc Đức Tông, N/A, Đức Tông & Thiên Địa Đại Bảo Văn Vũ Độ Đại Vương & Mạc Kính Quang Mạc Kính Tiêu Mạc Kính Hoảng & Con Mạc Kính Vũ& em Mạc Nguyên Thanh, 1681–1683, Không có, Triều đại sụp đổ, ?, 1683, Không có, Không có, , 
109, Lê Trang Tông, Nguyên Hòa (1533–1548), Trang Tông & Dụ Hoàng Đế & Lê Ninh Lê Huyến Lê Duy Ninh & Được cho là con Lê Chiêu Tông, 1533–1548, Lê Cung Hoàng Mạc Đăng Dung cướp ngôi nhà Lê sơ, Lê Trung Tông, 1515, 9 tháng 3, 1548 Thanh Hóa, Đại Việt, Nhà Lê Trung hưng, Cảnh lăng (), Lê Chiêu Tông, Phạm Thị Ngọc Quỳnh
110, Lê Trung Tông, Thuận Bình (1548–1556), Trung Tông & Vũ Hoàng Đế & Lê Huyên Lê Duy Huyên & Con Lê Trang Tông, 1548–1556, Lê Trang Tông, Lê Anh Tông, 1535, 24 tháng 1, 1556 Tây Đô, Thanh Hóa, Nhà Lê trung hưng, Diên lăng (), Lê Trang Tông, Trinh Thục Dụ Hoàng hậu
111, Lê Anh Tông, Thiên Hựu (1556-1557) Chính trị (1558–1571) Hồng Phúc (1572–1573), Anh Tông & Tuấn Hoàng Đế & Lê Duy Bang & Cháu 6 đời của Lê Trừ& anh Lê Thái Tổ, 1556–1573, Không có, Lê Thế Tông, 1532, 22 tháng 1, 1573 Đại Việt, Nhà Lê Trung hưng, Bố Vệ lăng (), Lê Duy Khoáng, 
112, Lê Thế Tông, Gia Thái (1573–1577) Quang Hưng (1578–1599), Thế Tông & Nghị Hoàng Đế & Lê Đàm Lê Duy Đàm & Con thứ năm Lê Anh Tông, 1573–1599, Không có, Lê Kính Tông, 1567 Hành cung Vạn Lại, 12 tháng 10, 1599 Thăng Long, Nhà Lê Trung hưng, Hoa Nhạc lăng (), Lê Anh Tông, 
113, Lê Kính Tông, Thận Đức (1600-1600) Hoằng Định (1601-1619), Kính Tông & Huệ Hoàng Đế Giản Huy Đế & Lê Duy Tân & Con thứ Lê Thế Tông, 1599–1619, Lê Thế Tông, Lê Thần Tông, 1588, 23 tháng 6, 1619 Đông Kinh, Đại Việt, Nhà Lê Trung hưng, Hoa Loan lăng (), Lê Thế Tông, Ý Đức Hoàng thái hậu
114, Lê Thần Tông, Vĩnh Tộ (1620––1628) Đức Long (1629–1634) Dương Hoà (1635–1643), Thần Tông & Uyên Hoàng Đế & Lê Duy Kỳ & Con trưởng Lê Kính Tông, 1619–1643, Lê Chân Tông, Lê Huyền Tông, 1607 Đông Kinh, Việt Nam, 2 tháng 11, 1662 Đông Kinh, Đại Việt, Nhà Lê Trung hưng, Quần Ngọc lăng (), thôn Quần Lai, xã Thọ Diên, huyện Thọ Xuân, tỉnh Thanh Hóa nay là thôn Xuân Tân xã Xuân Hưng huyện Thọ Xuân tỉnh Thanh Hóa, Lê Kính Tông, Trịnh Thị Ngọc Trinh
115, Lê Chân Tông, Phúc Thái (1643–1649), Chân Tông & Thuận Hoàng Đế & Lê Duy Hựu Lê Duy Đề & Con trưởng Lê Thần Tông, 1643–1649, Lê Thần Tông (lần 1), Lê Thần Tông (lần 2), 1630 Tử Cấm Thành, Thăng Long., 2 tháng 10, 1649 Đông Kinh, Đại Việt, Nhà Lê Trung hưng, Hoa Phố lăng (), Lê Thần Tông, Nguyễn Thị Ngọc Bạch
116, Lê Thần Tông, Khánh Đức (1649–1652) Thịnh Đức (1653–1657) Vĩnh Thọ (1658–1661) Vạn Khánh (1662), Thần Tông & Uyên Hoàng Đế & Lê Duy Kỳ & Làm vua lần 2, 1649–1662, Lê Chân Tông, Lê Huyền Tông, 1607 Đông Kinh, Việt Nam, 2 tháng 11, 1662 Đông Kinh, Đại Việt, Nhà Lê Trung hưng, Quần Ngọc lăng (), thôn Quần Lai, xã Thọ Diên, huyện Thọ Xuân, tỉnh Thanh Hóa nay là thôn Xuân Tân xã Xuân Hưng huyện Thọ Xuân tỉnh Thanh Hóa, Lê Kính Tông, Trịnh Thị Ngọc Trinh
117, Lê Huyền Tông, Cảnh Trị (1663–1671), Huyền Tông & Mục Hoàng Đế & Lê Duy Vũ Lê Duy Hy & Con thứ Lê Thần Tông, 1663–1671, Lê Thần Tông, Lê Gia Tông, 1654, 16 tháng 11, 1671 Đông Kinh, Đại Việt, Nhà Lê Trung hưng, Quả Thịnh lăng (), Lê Thần Tông, Phạm Thị Ngọc Hậu
118, Lê Gia Tông, Dương Đức (1672––1673) Đức Nguyên (1674-1675), Gia Tông & Mỹ Hoàng Đế & Lê Duy Cối Lê Duy Khoái & Con thứ Lê Thần Tông, 1671–1675, Lê Huyền Tông, Lê Hy Tông, 1661, 27 tháng 4, 1675 Đông Kinh, Đại Việt, Nhà Lê Trung hưng, Phúc An lăng (), Lê Thần Tông, Lê Thị Ngọc Hoàn
119, Lê Hy Tông, Vĩnh Trị (1676-1680) Chính Hòa (1680-1705), Hy Tông & Chương Hoàng Đế & Lê Duy Hợp Lê Duy Hiệp Lê Duy Cáp & con thứ tư Lê Thần Tông, 1675—1705, Lê Thần Tông, Lê Dụ Tông, 1663, 1716 Đông Kinh, Đại Việt, Nhà Lê Trung hưng, Phú Ninh lăng (), Lê Thần Tông, Nguyễn Thị Ngọc Trúc hay Nguyễn Thị Ngọc Tấn
120, Lê Dụ Tông, Vĩnh Thịnh (1706-1719) Bảo Thái (1720-1729), Dụ Tông & Hòa Hoàng Đế & Lê Duy Đường Lê Duy Tạo & con trưởng Lê Hy Tông, 1705—1729, Lê Hy Tông, Lê Ý Tông, 1679, 27 tháng 2, 1731, Nhà Lê Trung hưng, Cổ Đô lăng (), sau dời về Kim Thạch lăng (), Lê Hy Tông, không rõ
121, Lê Duy Phường, Vĩnh Khánh (1729-1732), Hôn Đức Công & Lê Duy Phường & con thứ Lê Dụ Tông, 1729—1732, Lê Dụ Tông, Lê Thuần Tông, 1709 Tử Cấm Thành, Thăng Long, 1735, Nhà Lê Trung hưng, Kim Lũ, Lê Dụ Tông, Hoàng hậu Trịnh Thị Ngọc Trang
122, Lê Thuần Tông, Long Đức (1732-1735), Thuần Tông & Giản Hoàng Đế & Lê Duy Tường Lê Duy Hỗ & con trưởng Lê Dụ Tông, 1732—1735, Lê Phế Đế, Lê Ý Tông, 16 tháng 3, 1699 Tử Cấm Thành, Thăng Long, 5 tháng 6, 1735 Tử Cấm Thành, Thăng Long, Nhà Lê Trung hưng, Bình Ngô lăng (), Lê Dụ Tông, Cung Phi Trần Thị
123, Lê Ý Tông, Vĩnh Hựu (1735-1740), Ý Tông & Huy Hoàng Đế & Lê Duy Thận Lê Duy Chấn Lê Duy Hỗ & con thứ 11 Lê Dụ Tông, 1735—1740, Lê Dụ Tông, Thái thượng hoàng cuối cùng của nhà Hậu Lê, 29 tháng 3, 1719, 10 tháng 8, 1759 Đông Kinh, Đại Việt, Nhà Lê Trung hưng, Lăng Phù Lê, Lê Dụ Tông, Cung Phi Nguyễn Thị
124, Lê Hiển Tông, Cảnh Hưng (1740-1786), Hiển Tông & Vĩnh Hoàng Đế & Lê Duy Diêu Lê Duy Đào & con trưởng Lê Thuần Tông, 1740—1786, Lê Ý Tông, Lê Mẫn Đế, 20 tháng 5, 1717, 10 tháng 8, 1786(69 tuổi) Đông Kinh, Đại Việt, Nhà Lê Trung hưng, Bàn Thạch lăng, Lê Thuần Tông, Nhu Thuận Giản Hoàng hậu Đào thị
125, Lê Chiêu Thống, Chiêu Thống (1786-1789), Mẫn Hoàng Đế & Lê Duy Kỳ Lê Duy Khiêm Lê Tư Khiêm & con Lê Duy Vỹ& cháu đích tôn Lê Hiển Tông, 1786—1789, Lê Hiển Tông, Triều Hậu Lê cáo chung Quang Trung (trên thực tế), 1765 Đông Kinh,Đại Việt, 1793 Yên Kinh, Trung Hoa, Nhà Lê Trung hưng, tháng 11 năm 1804 Lăng Bàn Thạch, Thanh Hóa, Đại Việt, Lê Duy Vĩ, Mẫn Thái hậu
126, Trịnh Kiểm, N/A, Thế Tổ & Minh Khang Thái Vương & Trịnh Kiểm & con rể Nguyễn Kim, 1545—1570, Sáng lập, Trịnh Cối, 14 tháng 9, 1502 Thôn Hổ, xã Vệ Quốc, huyện Yên Định, xứ Thanh Hoa, 24 tháng 3, 1570(1570-03-24) (67 tuổi), Lê Trang Tông (1533 - 1548) Lê Trung Tông (1548 - 1556) Lê Anh Tông (1556 - 1573), Không có, Trịnh Lâu, Hoàng Thị Dốc
127, Trịnh Cối, N/A, Tuấn Đức Hầu& Trung Quốc Công & Trịnh Cối & con cả Trịnh Kiểm, 1570—1570, Không có, Trịnh Tùng, ?, 1584, Lê Anh Tông (1556 - 1573), Không có, , 
128, Bình An Vương, N/A, Thành Tổ & Triết Vương & Trịnh Tùng & con thứ Trịnh Kiểm& chúa Trịnh đầu tiên, 1570—1623, Trịnh Cối, Trịnh Tráng, 19 tháng 12 năm 1550, huyện Vĩnh Phúc, phủ Thiệu Hóa, trấn Thanh Hóa, Đại Việt, 17 tháng 7 năm 1623 (72 tuổi) Thanh Oai, Đông Kinh, Đàng Ngoài, Đại Việt, Lê Anh Tông (1556 - 1573) Lê Thế Tông (1573 - 1599) Lê Kính Tông (1599 - 1619) Lê Thần Tông (1619 - 1643), Không có, Trịnh Kiểm, Nguyễn Thị Ngọc Bảo
129, Thanh Đô Vương, N/A, Văn Tổ & Nghị Vương & Trịnh Tráng & con thứ hai Trịnh Tùng, 1623—1657, Trịnh Tùng, Trịnh Tạc, (1577-08-06)6 tháng 8, 1577, 28 tháng 5, 1657(1657-05-28) (79 tuổi) Đông Kinh, Việt Nam, Lê Thần Tông (1619 - 1643) và (1649 - 1662) Lê Chân Tông (1643- 1649), Không có, Trịnh Tùng, Đặng Thị Ngọc Dao
130, Tây Định Vương, N/A, Hoằng Tổ & Dương Vương & Trịnh Tạc & con thứ hai Trịnh Tráng, 1657—1682, Trịnh Tráng, Trịnh Căn, (1606-04-11)11 tháng 4, 1606, 24 tháng 9, 1682(1682-09-24) (76 tuổi) Đông Kinh, Đàng Ngoài, Đại Việt, Lê Thần Tông (1649 - 1662) Lê Huyền Tông (1662 - 1671) Lê Gia Tông (1671 - 1675) Lê Hy Tông (1675 - 1705), Không có, Trịnh Tráng, Trần Thị Ngọc Đài
131, Định Nam Vương, N/A, Chiêu Tổ & Khang Vương & Trịnh Căn & con trưởng Trịnh Tạc, 1682—1709, Trịnh Tạc, Trịnh Cương, 18 tháng 7 năm 1633, 17 tháng 6 năm 1709 Đông Kinh, Đàng Ngoài, Đại Việt, Lê Hy Tông (1675 - 1705) Lê Dụ Tông (1705 - 1729), Không có, Trịnh Tạc, Vũ Thị Ngọc Lễ
132, An Đô Vương, N/A, Hy Tổ & Nhân Vương & Trịnh Cương & chắt của Trịnh Căn& cháu Trịnh Vịnh& con Trịnh Bính, 1709—1729, Trịnh Căn, Trịnh Giang, (1686-07-09)9 tháng 7, 1686 Đông Kinh, Đàng Ngoài, Đại Việt, 20 tháng 12, 1729(1729-12-20) (43 tuổi) Đông Kinh, Đàng Ngoài, Đại Việt, Lê Dụ Tông (1705 - 1728) Lê Duy Phường (1729 - 1732), Không có, Trịnh Bính, Trương Thị Ngọc Chử (mẹ sinh) Nguyễn Thị Cảo (nhũ mẫu, mẹ nuôi)
133, Uy Nam Vương, N/A, Dụ Tổ & Thuận Vương & Trịnh Giang Trịnh Khương Trịnh 𣞪 & con trưởng Trịnh Cương, 1729—1740, Trịnh Cương, Trịnh Doanh, (1711-10-14)14 tháng 10 năm 1711 Đông Kinh, Đàng Ngoài, Đại Việt, 30 tháng 12 năm 1762(1762-12-30) (51 tuổi) Đông Kinh, Đàng Ngoài, Đại Việt, Hôn Đức Công (1729 - 1732) Lê Thuần Tông (1732 – 1735) Lê Ý Tông (1735 – 1740), Cánh đồng Nhân Lý thuộc phủ Thiệu Thiên, Thanh Hoa, Trịnh Cương, Vũ Thị Ngọc Nguyên
134, Minh Đô Vương, N/A, Nghị Tổ & Ân Vương & Trịnh Doanh & con thứ Trịnh Cương& em Trịnh Giang, 1740—1767, Trịnh Giang, Trịnh Sâm, 4 tháng 12 năm 1720 Đông Kinh, Đàng Ngoài, Đại Việt, 12 tháng 5 năm 1767 Đông Kinh, Đàng Ngoài, Đại Việt, Lê Ý Tông (1735 - 1740) Lê Hiển Tông (1740 - 1786), Núi Chân Tiên, Trịnh Cương, Vũ Thị Ngọc Nguyên
135, Tĩnh Đô Vương, N/A, Thánh Tổ & Thịnh Vương & Trịnh Sâm & con trưởng Trịnh Doanh, 1767—1782, Trịnh Doanh, Trịnh Cán, (1739-02-09)9 tháng 2, 1739, 13 tháng 9, 1782(1782-09-13) (43 tuổi) Đông Kinh, Đàng Ngoài, Đại Việt, Không có, Không có, Trịnh Doanh, Nguyễn Thị Ngọc Diễm
136, Điện Đô Vương, N/A, Xung Mẫn Vương & Trịnh Cán & con thứ Trịnh Sâm, 1782—1782, Trịnh Sâm, Trịnh Tông, 1777, 17 tháng 12, 1782(1782-12-17) (5 tuổi) Đông Kinh, Đàng Ngoài, Đại Việt, Không có, Không có, Trịnh Sâm, Tuyên phi Đặng Thị Huệ
137, Đoan Nam Vương, N/A, Anh Liệt Linh Vương & Trịnh Khải Trịnh Tông & con trưởng Trịnh Sâm, 1782—1786, Trịnh Cán, Trịnh Bồng, 10 tháng 10 năm 1763, 23 tháng 7 năm 1786 (22–23 tuổi) Đàng Ngoài, Đại Việt, Lê Hiển Tông (1740 - 1786), Không có, Trịnh Sâm, Dương Thị Ngọc Hoan
138, Án Đô Vương, N/A, Huệ Định Công & Trịnh Bồng & con Trịnh Giang& anh họ Trịnh Sâm, 1786—1787, Không có, Chính quyền chúa Trịnh sụp đổ, 25 tháng 8 năm 1749 Thăng Long, 13 tháng 2, 1791(1791-02-13) (41–42 tuổi) Ai Lao, Lê Mẫn Đế (1786 – 1789), Không có, Uy Nam Vương Trịnh Giang, 
139, Tiên Vương, N/A, Liệt Tổ& Thái Tổ & Triệu Cơ Tùy Thống Khâm Minh Cung Ý Cần Nghĩa Đạt Lý Hiển Ứng Chiêu Hựu Diệu Linh Gia Dụ Hoàng Đế & Nguyễn Hoàng & con út Nguyễn Kim, 1558—1613, Không có, Nguyễn Phúc Nguyên, (1525-08-28)28 tháng 8, 1525 Thanh Hóa, Đại Việt, 20 tháng 7, 1613(1613-07-20) (87 tuổi) Đàng Trong, Đại Việt, Không có, Vùng núi Thạch Hãn, huyện Hải Lăng, phủ Triệu Phong (nay thuộc huyện Hải Lăng tỉnh Quảng Trị) *Về sau chuyển về núi La Khê tức Khải Vận Sơn (nay thuộc Lăng Trường Cơ huyện Hương Trà, tỉnh Thừa Thiên Huế)., Nguyễn Kim, Triệu Tổ Tĩnh Hoàng hậu
140, Sãi Vương Phật Vương, N/A, Tuyên Tổ& Hy Tông & Hiển Mô Quang Liệt Ôn Cung Minh Duệ Dực Thiện Tuy Du Hiếu Văn Hoàng Đế & Nguyễn Phúc Nguyên & con trai thứ sáu Chúa Tiên, 1613—1635, Nguyễn Hoàng, Nguyễn Phúc Lan, (1563-08-16)16 tháng 8, 1563, 19 tháng 11, 1635(1635-11-19) (72 tuổi) Đàng Trong, Đại Việt, Không có, Không có, Nguyễn Hoàng, Gia Dụ Hoàng hậu
141, Thượng Vương, N/A, Thần Tổ& Thần Tông & Thừa Cơ Toàn Thống Quân Minh Hùng Nghị Uy Đoán Anh Vũ Hiếu Chiêu Hoàng Đế & Nguyễn Phúc Lan & con trai thứ hai Chúa Sãi, 1635—1648, Nguyễn Phúc Nguyên, Nguyễn Phúc Tần, (1601-08-13)13 tháng 8, 1601, 19 tháng 3, 1648(1648-03-19) (46 tuổi)  Đàng Trong, Đại Việt, Không có, Không có, Nguyễn Phúc Nguyên, Mạc Thị Giai
142, Hiền Vương, N/A, Nghị Tổ& Thái Tông & Tuyên Uy Kiến Vũ Anh Minh Trang Chính Thánh Đức Thần Công Hiếu Triết Hoàng Đế & Nguyễn Phúc Tần Nguyễn Phúc Cần & con trai thứ hai Chúa Thượng, 1648—1687, Nguyễn Phúc Lan, Nguyễn Phúc Thái, (1620-07-18)18 tháng 7, 1620, 30 tháng 8, 1687(1687-08-30) (67 tuổi) Đàng Trong, Đại Việt, Không có, Lăng Trường Hưng (), Nguyễn Phúc Lan, Đoàn Quý phi
143, Nghĩa Vương, N/A, Anh Tông & Thiệu Hư Toản Nghiệp Khoan Hồng Bác Hậu Ôn Huệ Từ Tường Hiếu Nghĩa Hoàng Đế & Nguyễn Phúc Thái Nguyễn Phúc Trăn Nguyễn Phúc Ngàn & con trai thứ hai Chúa Hiền, 1687—1691, Nguyễn Phúc Tần, Nguyễn Phúc Chu, (1650-01-22)22 tháng 1, 1650, 7 tháng 2, 1691(1691-02-07) (41 tuổi)  Đàng Trong, Đại Việt, Không có, Không có, Nguyễn Phúc Tần, Tống Thị Đôi
144, Minh Vương Quốc Chúa, N/A, Hiển Tông & Anh Mô Hùng Lược Thánh Minh Tuyên Đạt Khoan Từ Nhân Thứ Hiếu Minh Hoàng Đế & Nguyễn Phúc Chu Nguyễn Phúc Tùng & con trưởng Chúa Nghĩa, 1691—1725, Nguyễn Phúc Thái, Nguyễn Phúc Chú, (1675-06-11)11 tháng 6, 1675 Nam Hà, Đại Việt, 1 tháng 9, 1725(1725-09-01) (50 tuổi) Nam Hà, Đại Việt, Không có, Không có, Nguyễn Phúc Thái, Tống Thị Lĩnh
145, Ninh Vương, N/A, Túc Tông & Tuyên Quang Thiệu Liệt Tuấn Triết Tĩnh Uyên Kinh Văn Vĩ Vũ Hiếu Ninh Hoàng Đế & Nguyễn Phúc Chú Nguyễn Phúc Trú Nguyễn Phúc Thụ Nguyễn Phúc Vượng & con trưởng Chúa Minh, 1725—1738, Nguyễn Phúc Chu, Nguyễn Phúc Khoát, (1697-01-14)14 tháng 1, 1697, 7 tháng 6, 1738(1738-06-07) (41 tuổi)  Đàng Trong, Đại Việt, Không có, Không có, Nguyễn Phúc Chu, Tống Thị Được
146, Vũ Vương, N/A, Thế Tông & Kiền Cương Uy Đoán Thần Nghị Thánh Du Nhân Từ Duệ Trí Hiếu Vũ Hoàng Đế & Nguyễn Phúc Khoát Nguyễn Phúc Hiểu & con trưởng Chúa Ninh, 1738—1765, Nguyễn Phúc Chú, Nguyễn Phúc Thuần, 26 tháng 9 năm 1714, 7 tháng 7 năm 1765 Đàng Trong, Đại Việt, Không có, Không có, Nguyễn Phúc Chú, Trương Thị Thư
147, Định Vương, N/A, Duệ Tông & Thông Minh Khoan Hậu Anh Mẫn Huệ Hòa Hiếu Định Hoàng Đế & Nguyễn Phúc Thuần Nguyễn Phúc Hân & con trai thứ 16 Chúa Vũ, 1765—1776, Nguyễn Phúc Khoát, Nguyễn Phúc Dương, 31 tháng 12 năm 1754 Đàng Trong, Đại Việt, 18 tháng 10, 1777(1777-10-18) (22 tuổi) Đàng Trong, Đại Việt, Không có, Không có, Nguyễn Phúc Khoát, Nguyễn Phúc Ngọc Cầu
148, Tân Chính Vương, N/A, Cung Mẫn Anh Đoán Huyền Mặc Vĩ Văn Mục Vương & Nguyễn Phúc Dương & con Nguyễn Phúc Hiệu& cháu nội Chúa Vũ& em con chú với vua Gia Long, 1776—1777, Không có, Nguyễn Phúc Ánh, Không có, 1777 Đàng Trong, Đại Việt, Không có, Không có, Nguyễn Phúc Hạo, 
149, Thái Đức, Thái Đức (1778-1788), Minh Đức Hoàng Đế & Hồ Nhạc Nguyễn Nhạc Nguyễn Văn Nhạc & con trưởng Hồ Phi Phúc& sáng lập triều đại, 1778—1788, Không có, Nguyễn Văn Bảo, 1743 Bình Định, Đàng Trong, Đại Việt, 1793 50 tuổi Qui Nhơn, Đại Việt, Nhà Tây Sơn, Không có, Hồ Phi Phúc, 
150, Quang Trung, Quang Trung (1788-1792), Thái Tổ & Vũ Hoàng Đế Trung Thuần Vương & Nguyễn Huệ Nguyễn Quang Bình Nguyễn Văn Huệ Hồ Thơm & con thứ Hồ Phi Phúc& em Nguyễn Nhạc& con rể Lê Hiển Tông, 1788—1792, Không có, Cảnh Thịnh Đế, 1753 Bình Định, Đàng Trong, Đại Việt, 16 tháng 9, 1792(1792-09-16) (38–39 tuổi) Phú Xuân, Đại Việt, Nhà Tây Sơn, Đan Dương lăng () (còn nghi vấn và nhiều giả thuyết quan trọng khác), Hồ Phi Phúc, 
151, Nguyễn Quang Toản, Cảnh Thịnh (1792-1801) Bảo Hưng (1801-1802), không có & Nguyễn Quang Toản Nguyễn Trát & con thứ Quang Trung& con rể Lê Hiển Tông, 1792—1802, Tây Sơn Thái Tổ, Triều đại sụp đổ Gia Long (Nhà Nguyễn), 1783, 1802 (18–19 tuổi) Phú Xuân, Huế, Nhà Tây Sơn, 1802 Chùa Đại Tuệ, Nam Đàn, Nghệ An., Quang Trung, Phạm Thị Liên
152, Gia Long, Gia Long (1802–1820), Thế Tổ & Khai Thiên Hoằng Đạo Lập Kỷ Thùy Thống Thần Văn Thánh Vũ Tuấn Đức Long Công Chí Nhân Đại Hiếu Cao Hoàng Đế & Nguyễn Phúc Ánh Nguyễn Phúc Chủng Nguyễn Phúc Noãn & Sáng lập triều đại. Con thứ ba của Nguyễn Phúc Luân& cháu nội Nguyễn Phúc Khoát& con rể Lê Hiển Tông, 1802–1820, Nguyễn Phúc Dương, Kết thúc, (1762-02-08)8 tháng 2, 1762 Phú Xuân, Đàng Trong, Đại Việt, 3 tháng 2, 1820(1820-02-03) (57 tuổi) Hoàng thành Huế, Không có, Không có, Nguyễn Phúc Luân, Nguyễn Thị Hoàn
153, Minh Mạng, Minh Mạng (1820–1841), Thánh Tổ & Thể Thiên Xương Vận Chí Hiếu Thuần Đức Văn Vũ Minh Đoán Sáng Thuật Đại Thành Hậu Trạch Phong Công Nhân Hoàng Đế & Nguyễn Phúc Đảm Nguyễn Phúc Kiểu & Con thứ tư Gia Long, 1820–1841, Gia Long, Thiệu Trị, (1791-05-25)25 tháng 5 năm 1791 Gia Định, Đại Việt, 20 tháng 1 năm 1841(1841-01-20) (49 tuổi) Huế, Đại Nam, Không có, 25 tháng 8 năm 1841 Hiếu lăng, Huế, Đại Nam, Gia Long, Thuận Thiên Cao Hoàng hậu
154, Thiệu Trị, Thiệu Trị (1841–1847), Hiến Tổ & Thiệu Thiên Long Vận Chí Thiện Thuần Hiếu Khoan Minh Duệ Đoán Văn Trị Vũ Công Thánh Triết Chương Hoàng Đế & Nguyễn Phúc Miên Tông Nguyễn Phúc Tuyền Nguyễn Phúc Dung & Con trưởng Minh Mạng, 1841–1847, Minh Mạng, Tự Đức, 16 tháng 6 năm 1807 Huế, Đại Nam, 4 tháng 11, 1847(1847-11-04) (40 tuổi) Huế, Đại Nam, Không có, 24 tháng 6 năm 1848 Xương Lăng, Huế, Đại Nam, Nguyễn Thánh Tổ Minh Mạng, Tá Thiên Nhân Hoàng hậu Hồ Thị Hoa
155, Tự Đức, Tự Đức (1847–1883), Dực Tông & Thể Thiên Hanh Vận Chí Thành Đạt Hiếu Thể Kiện Đôn Nhân Khiêm Cung Minh Lược Duệ Văn Anh Hoàng Đế & Nguyễn Phúc Hồng Nhậm Nguyễn Phúc Thì & Con thứ Thiệu Trị, 1847–1883, Thiệu Trị, Dục Đức, 22 tháng 9 năm 1829 Huế, Đại Nam, 19 tháng 7, 1883(1883-07-19) (53 tuổi) Huế, Đại Nam, Nhà Nguyễn, 30 tháng 12 năm 1883 Khiêm lăng (), Thiệu Trị, Từ Dụ
156, Dục Đức, N/A, Cung Tông & Huệ Hoàng Đế & Nguyễn Phúc Ưng Chân Nguyễn Phúc Ưng Ái & Con thứ Nguyễn Phúc Hồng Y& cháu nội Thiệu Trị& con nuôi Tự Đức, 1883–1883, Tự Đức, Hiệp Hòa, 23 tháng 2 năm 1852 Huế, Đại Nam, 6 tháng 10 năm 1883 Huế, Đại Nam, Nhà Nguyễn, An Lăng (), Nguyễn Phúc Hồng Y, Trần Thị Nga
157, Hiệp Hòa, Hiệp Hòa (1883), Phế Đế & Nguyễn Phúc Hồng Dật Nguyễn Phúc Thăng & Con thứ 29 Thiệu Trị, 1883–1883, Dục Đức, Kiến Phúc, 24 tháng 9 âm lịch, tức 1 tháng 11 năm 1847, 30 tháng 10 âm lịch, tức 29 tháng 11 năm 1883 Huế, Đại Nam, Nhà Nguyễn, Không có, Nguyễn Hiến Tổ Thiệu Trị, Thụy tần Trương Thị Thận
158, Kiến Phúc, Kiến Phúc (1883-1884), Giản Tông & Thiệu Đức Chí Hiếu Uyên Duệ Nghị Hoàng Đế & Nguyễn Phúc Ưng Đăng & Con thứ Nguyễn Phúc Hồng Cai& cháu nội Thiệu Trị, 1883–1884, Hiệp Hòa, Hàm Nghi, 12 tháng 2 năm 1869 Huế, Đại Nam, 31 tháng 7 năm 1884 Huế, Đại Nam, Nhà Nguyễn, 30 tháng 11 năm 1884 Bồi Lăng (), Nguyễn Phúc Hồng Cai, Bùi Thị Thanh
159, Hàm Nghi, Hàm Nghi (1884–1885), Xuất Đế & Nguyễn Phúc Ưng Lịch Nguyễn Phúc Minh & Em trai Kiến Phúc, 1884–1885, Kiến Phúc, Đồng Khánh, 3 tháng 8 năm 1871 Huế, Đại Nam, 14 tháng 1 năm 1943 (71 tuổi) Alger, Algérie, Pháp, Nhà Nguyễn, Làng Thonac, Vigeois,Dordogne, Pháp., Nguyễn Phúc Hồng Cai, Phan Thị Nhàn
160, Đồng Khánh, Đồng Khánh (1885–1889), Cảnh Tông & Hoằng Liệt Thống Thiết Mẫn Huệ Thuần Hoàng Đế & Nguyễn Phúc Ưng Kỷ Nguyễn Phúc Ưng Đường Nguyễn Phúc Ưng Thị Nguyễn Phúc Biện Chánh Mông & Con trưởng Nguyễn Phúc Hồng Cai& anh Kiến Phúc và Hàm Nghi, 1885–1889, Hàm Nghi, Thành Thái, 19 tháng 2 năm 1864 Huế, Đại Nam, 28 tháng 1 năm 1889 (24 tuổi) Huế, Đại Nam, Liên bang Đông Dương, Nhà Nguyễn, 18 tháng 04 năm 1889 Tư Lăng (), Nguyễn Phúc Hồng Cai, Bùi Thị Thanh
161, Thành Thái, Thành Thái (1889–1907), Phế Đế & Nguyễn Phúc Bửu Lân Nguyễn Phúc Chiêu & Con Dục Đức, 1889–1907, Đồng Khánh, Duy Tân, 14 tháng 3 năm 1879 Huế, Đại Nam, 20 tháng 3, 1954(1954-03-20) (75 tuổi) Sài Gòn, Quốc gia Việt Nam, Nhà Nguyễn, An Lăng, Dục Đức, Từ Minh Huệ Hoàng hậu
162, Duy Tân, Duy Tân (1907–1916), Phế Đế & Nguyễn Phúc Vĩnh San Nguyễn Phúc Hoảng & Con thứ Thành Thái, 1907–1916, Thành Thái, Khải Định, 19 tháng 9 năm 1900 Huế, Đại Nam, Liên bang Đông Dương, 26 tháng 12 năm 1945 (45 tuổi) Châu Phi Xích Đạo thuộc Pháp (nay là Cộng hòa Trung Phi), Nhà Nguyễn, Huế, Việt Nam, Thành Thái, Nguyễn Thị Định
163, Khải Định, Khải Định (1916-1925), Hoằng Tông & Tự Thiên Gia Vận Thánh Minh Thần Trí Nhân Hiếu Thành Kính Di Mô Thừa Liệt Tuyên Hoàng Đế & Nguyễn Phúc Bửu Đảo & Con trưởng Đồng Khánh, 1916–1925, Duy Tân, Bảo Đại, 8 tháng 10 năm 1885 Huế, Đại Nam, 6 tháng 11 năm 1925 (40 tuổi) Huế, Đại Nam, Liên bang Đông Dương, Nhà Nguyễn, 31 tháng 1 năm 1926 Ứng Lăng (), Đồng Khánh, Hựu Thiên Thuần Hoàng hậu
164, Bảo Đại, Bảo Đại (1925–1945), không có & Nguyễn Phúc Vĩnh Thụy Nguyễn Phúc Thiển & Con Khải Định, 1925–1945, Nguyễn Văn Xuân (Thủ tướng Chính phủ Lâm thời), Nguyễn Phan Long, (1913-10-22)22 tháng 10, 1913 Huế, Đại Nam, Liên bang Đông Dương, 31 tháng 7, 1997(1997-07-31) (83 tuổi) Val-de-Grâce, Paris, Pháp, Nhà Nguyễn, 06 tháng 8 năm 1997 Nghĩa trang Passy, Khải Định, Từ Cung Hoàng thái hậu
